"Id";"Designator";"Footprint";"Quantity";"Designation";"Supplier and ref";
1;"X3,X6,X7,X1,X8,X9";"Pin_D0.9mm_L10.0mm_W2.4mm_FlatFork";6;"Conn_01x01_Pin";;;
2;"U31,U47,U27,U48,U35";"DIP-14_W7.62mm";5;"74LS04";;;
3;"U24";"DIP-14_W7.62mm";1;"7400";;;
4;"J13M1,J15F1,J1M1,J9M1,J5M1,J5F1,J1F1,J9F1,J17F1,J13F1";"PinHeader_2x02_P2.54mm_Vertical";10;"Conn_02x02_Odd_Even";;;
5;"J6M1,J18F1,J2M1,J14F1,J16F1,J2F1,J10M1,J6F1,J14M1,J10F1";"PinHeader_2x20_P2.54mm_Vertical";10;"Conn_02x20_Odd_Even";;;
6;"C31,C54,C35,C55,C53,C32,C13,C71,C66,C56,C12,C42,C2,C25,C45,C44,C1,C58,C64,C24,C9,C6,C19,C59,C48,C26,C34,C16,C52,C82,C8,C22,C20,C84,C60,C61,C30,C23,C62,C83,C3,C49,C10,C63,C7,C36,C43,C51,C46,C72,C40,C18,C65,C17,C27,C50,C57,C41";"C_Disc_D4.7mm_W2.5mm_P5.00mm";58;"100nF";;;
7;"U44,U34,U32,U33";"DIP-14_W7.62mm";4;"74LS20";;;
8;"P1";"LED_D1.8mm_W1.8mm_H2.4mm_Horizontal_O1.27mm_Z1.6mm";1;"IEC_60320_C8_Receptacle";;;
9;"U7,U6";"DIP-16_W7.62mm";2;"74189";;;
10;"C70";"CP_Radial_D8.0mm_P2.50mm";1;"220uF";;;
11;"D7,D6,D8,D1,D2,D4,D5,D3";"LED_D5.0mm_Horizontal_O3.81mm_Z3.0mm";8;"LED R";;;
12;"R8,R3,R5,R38,R2,R7,R4,R6,R1";"R_Axial_DIN0207_L6.3mm_D2.5mm_P7.62mm_Horizontal";9;"270";;;
13;"X2,X4";"Pin_D0.9mm_L10.0mm_W2.4mm_FlatFork";2;"Conn_01x01_Socket";;;
14;"D12,D10,D11,D9";"D_DO-41_SOD81_P10.16mm_Horizontal";4;"1N4001";;;
15;"U28";"DIP-8_W7.62mm";1;"NE555";;;
16;"U1,U36,U2,U38,U29,U37";"DIP-14_W7.62mm";6;"74LS107";;;
17;"R10";"R_Axial_DIN0207_L6.3mm_D2.5mm_P7.62mm_Horizontal";1;"18K";;;
18;"U11,U21,U9,U8,U23,U4,U10,U22,U20";"DIP-16_W7.62mm";9;"74LS173";;;
19;"U13,U12,U18,U19,U3";"DIP-14_W7.62mm";5;"74LS126";;;
20;"J8F1,J8M1,J11M1,J11F1";"PinHeader_1x10_P2.54mm_Vertical";4;"Conn_01x10";;;
21;"C85,C11";"CP_Radial_D5.0mm_P2.00mm";2;"100uF/6.3V";;;
22;"D40";"LED_D5.0mm";1;"LED R";;;
23;"C67,C73";"CP_Radial_D6.3mm_P2.50mm";2;"220uF/6.3V";;;
24;"SW6,SW5,SW7,SW4";"SW_Slide_SPDT_Straight_CK_OS102011MS2Q";4;"SW_SPDT";;;
25;"U40,U26,U46,U41,U39,U42,U43";"DIP-14_W7.62mm";7;"74LS00";;;
26;"U45,U25";"DIP-14_W7.62mm";2;"74LS10";;;
27;"U5";"DIP-16_W7.62mm";1;"74LS157";;;
28;"J4F1,J3M1,J3F1,J4M1";"PinHeader_1x15_P2.54mm_Vertical";4;"Conn_01x15";;;
29;"U30";"TO-220-3_Vertical";1;"LM7805/LMT340T-5";;;
30;"U17,U16";"DIP-16_W7.62mm";2;"74LS83";;;
31;"C39,C38";"C_Disc_D4.7mm_W2.5mm_P5.00mm";2;"10nF";;;
32;"J7F1,J7M1";"PinHeader_1x07_P2.54mm_Vertical";2;"Conn_01x07";;;
33;"TR1";"Transformer_Breve_TEZ-47x57";1;"F-25X";;;
34;"SW3";"SW_DIP_SPSTx08_Slide_9.78x22.5mm_W7.62mm_P2.54mm";1;"SW_DIP_x08";;;
35;"HS1";"Heatsink_AAVID_590302B03600G";1;"Heatsink_Pad_2Pin";;;
36;"SW2";"SW_E-Switch_EG1271_SPDT";1;"SW_DPDT_x2";;;
37;"SW1";"SW_DIP_SPSTx04_Slide_9.78x12.34mm_W7.62mm_P2.54mm";1;"SW_DIP_x04";;;
38;"C47";"CP_Radial_D5.0mm_P2.00mm";1;"10uF/6,3V";;;
39;"C68";"CP_Radial_D16.0mm_P7.50mm";1;"1000uF/25V";;;
40;"U14,U15";"DIP-14_W7.62mm";2;"74LS86";;;
41;"R9";"R_Axial_DIN0207_L6.3mm_D2.5mm_P7.62mm_Horizontal";1;"39K";;;
42;"C33,C37";"CP_Radial_D5.0mm_P2.00mm";2;"10uF/6.3V";;;
43;"SW8";"LED_D5.0mm-4_RGB_Wide_Pins";1;"SW_DPST";;;
44;"C69";"C_Disc_D4.7mm_W2.5mm_P5.00mm";1;"220nF";;;
45;"F1";"Fuseholder_TR5_Littelfuse_No560_No460";1;"3/8A (0.4A)";;;
46;"J1";"BarrelJack_Horizontal";1;"Jack-DC";;;
