"Id";"Designator";"Footprint";"Quantity";"Designation";"Supplier and ref";
1;"D1,D6,D4,D2,D7,D8,D3,D5";"LED_D5.0mm_Clear";8;"LED";;;
2;"U5";"DIP-16_W7.62mm";1;"74LS157";;;
3;"R1,R3,R8,R7,R6,R4,R2,R5";"R_Axial_DIN0207_L6.3mm_D2.5mm_P7.62mm_Horizontal";8;"1K";;;
4;"F1";"Fuseholder_Clip-5x20mm_Schurter_CQM_Inline_P20.60x5.00mm_D1.00mm_Horizontal";1;"3/8A (0.4A)";;;
5;"U37,U36,U29,U38,U2,U1";"DIP-14_W7.62mm";6;"74LS107";;;
6;"U9,U21,U22,U8,U20,U4,U10,U11,U23";"DIP-16_W7.62mm";9;"74LS173";;;
7;"SW3G1,SW3A1,SW1A1,SW7,SW3H1,SW3D1,SW3E1,SW3C1,SW6,SW1D1,SW5,SW3F1,SW4,SW1B1,SW3B1,SW1C1";"SW_Slide_SPDT_Straight_CK_OS102011MS2Q";16;"SW_SPDT";;;
8;"HS1";"Heatsink_AAVID_590302B03600G";1;"Heatsink_Pad_2Pin";;;
9;"J9,J10";"Pin_D0.7mm_L6.5mm_W1.8mm_FlatFork";2;"Conn_01x01_Pin";;;
10;"U17,U16";"DIP-16_W7.62mm";2;"74LS83";;;
11;"U44,U32,U33,U34";"DIP-14_W7.62mm";4;"74LS20";;;
12;"J2_1,J2_2";"PinSocket_1x09_P2.54mm_Vertical";2;"Conn_01x09";;;
13;"J3_2,J3_1,J4_1,J4_2";"PinSocket_1x08_P2.54mm_Vertical";4;"Conn_01x08";;;
14;"U48,U35,U27,U47,U31";"DIP-14_W7.62mm";5;"74LS04";;;
15;"U40,U41,U42,U46,U43,U26,U39";"DIP-14_W7.62mm";7;"74LS00";;;
16;"U12,U19,U3,U18,U13";"DIP-14_W7.62mm";5;"74LS126";;;
17;"C4,C6";"C_Disc_D5.0mm_W2.5mm_P5.00mm";2;"100nF";;;
18;"U24";"DIP-14_W7.62mm";1;"7400";;;
19;"P1";"SolderWire-1.5sqmm_1x03_P6mm_D1.7mm_OD3mm";1;"IEC_60320_C13_Plug";;;
20;"D10,D11,D9,D12";"D_DO-41_SOD81_P10.16mm_Horizontal";4;"1N4001";;;
21;"TR1";"Transformer_Breve_TEZ-47x57";1;"TEZ18.0-D-1";;;
22;"U25,U45";"DIP-14_W7.62mm";2;"74LS10";;;
23;"U7,U6";"DIP-16_W7.62mm";2;"74189";;;
24;"C2,C1";"C_Disc_D5.0mm_W2.5mm_P5.00mm";2;"10nF";;;
25;"R10";"R_Axial_DIN0207_L6.3mm_D2.5mm_P7.62mm_Horizontal";1;"18K";;;
26;"U14,U15";"DIP-14_W7.62mm";2;"74LS86";;;
27;"J11";"BarrelJack_Horizontal";1;"Jack-DC";;;
28;"U30";"TO-220-3_Vertical";1;"LM340T-5(LM7805)";;;
29;"C5";"CP_Radial_D5.0mm_P2.00mm";1;"220uF/6.3V";;;
30;"U28";"DIP-8_W7.62mm";1;"NE555P";;;
31;"R9";"R_Axial_DIN0207_L6.3mm_D2.5mm_P7.62mm_Horizontal";1;"36K";;;
32;"J5_1,J5_2";"PinSocket_1x07_P2.54mm_Vertical";2;"Conn_01x07";;;
33;"SW2";"SW_CK_JS202011CQN_DPDT_Straight";1;"SW_DPDT_x2";;;
34;"C3";"CP_Radial_D10.0mm_P5.00mm";1;"1000uF/25V";;;
